employee_id,age,job_role,department,monthly_salary,monthly_avg
EMP09468,55,Role_5,R&D,156152,85422.3345
EMP09727,55,Role_35,Engineering,154492,85422.3345
EMP05665,50,Role_11,Engineering,153466,85422.3345
EMP04221,62,Role_25,Finance,153001,85422.3345
EMP04630,48,Role_45,Engineering,152996,85422.3345
EMP09071,51,Role_49,R&D,152061,85422.3345
EMP08152,46,Role_8,Engineering,150147,85422.3345
EMP01738,48,Role_45,R&D,148106,85422.3345
EMP07257,42,Role_33,Engineering,147327,85422.3345
EMP00351,58,Role_42,Engineering,145036,85422.3345
EMP07054,55,Role_27,Engineering,144946,85422.3345
EMP05530,52,Role_29,R&D,144357,85422.3345
EMP01169,50,Role_17,Engineering,143800,85422.3345
EMP07682,64,Role_20,Engineering,143373,85422.3345
EMP00280,53,Role_32,Engineering,143096,85422.3345
EMP02242,63,Role_24,R&D,141819,85422.3345
EMP07001,53,Role_43,Engineering,141162,85422.3345
EMP08791,53,Role_13,Legal,141077,85422.3345
EMP01172,43,Role_34,R&D,141066,85422.3345
EMP08966,48,Role_28,Engineering,141008,85422.3345
EMP06638,38,Role_48,Engineering,140850,85422.3345
EMP07805,61,Role_19,Legal,140752,85422.3345
EMP07937,41,Role_22,Engineering,140583,85422.3345
EMP08768,39,Role_19,Engineering,139900,85422.3345
EMP00018,49,Role_8,Engineering,139728,85422.3345
EMP06682,53,Role_22,Engineering,139451,85422.3345
EMP01453,52,Role_38,Engineering,139226,85422.3345
EMP05140,49,Role_12,Finance,139084,85422.3345
EMP08358,57,Role_9,Engineering,138863,85422.3345
EMP00241,53,Role_45,Engineering,138843,85422.3345
EMP01586,45,Role_5,Finance,138770,85422.3345
EMP03397,55,Role_19,Finance,138677,85422.3345
EMP09969,53,Role_4,Engineering,138219,85422.3345
EMP08659,49,Role_19,Legal,137551,85422.3345
EMP02340,42,Role_28,Engineering,137217,85422.3345
EMP06372,65,Role_28,Legal,137141,85422.3345
EMP09529,58,Role_21,Finance,136866,85422.3345
EMP02317,48,Role_21,Legal,136632,85422.3345
EMP04305,43,Role_27,Finance,136587,85422.3345
EMP01192,49,Role_3,Legal,136430,85422.3345
EMP05417,41,Role_14,R&D,136198,85422.3345
EMP03807,38,Role_12,Engineering,136195,85422.3345
EMP07232,49,Role_36,Engineering,136051,85422.3345
EMP07889,50,Role_5,Engineering,135896,85422.3345
EMP08639,58,Role_5,R&D,135603,85422.3345
EMP05038,51,Role_36,Legal,135383,85422.3345
EMP01949,53,Role_5,Sales,134785,85422.3345
EMP09734,52,Role_10,R&D,134713,85422.3345
EMP08851,36,Role_17,R&D,134237,85422.3345
EMP01282,55,Role_7,Finance,134209,85422.3345
EMP09064,52,Role_18,R&D,134014,85422.3345
EMP06215,45,Role_10,R&D,133693,85422.3345
EMP07531,42,Role_45,R&D,133556,85422.3345
EMP04127,43,Role_14,Finance,133326,85422.3345
EMP01384,52,Role_13,Engineering,133077,85422.3345
EMP00998,49,Role_29,R&D,133000,85422.3345
EMP09320,41,Role_10,R&D,132792,85422.3345
EMP07519,30,Role_23,Engineering,132332,85422.3345
EMP02303,47,Role_37,Engineering,132324,85422.3345
EMP03207,34,Role_28,R&D,132164,85422.3345
EMP03643,41,Role_44,Engineering,132126,85422.3345
EMP00648,50,Role_27,R&D,131999,85422.3345
EMP02903,54,Role_28,Engineering,131895,85422.3345
EMP08402,49,Role_10,Finance,131791,85422.3345
EMP09187,62,Role_23,Legal,131606,85422.3345
EMP09088,45,Role_43,Legal,131590,85422.3345
EMP02362,34,Role_5,Engineering,131346,85422.3345
EMP09174,29,Role_26,Engineering,131334,85422.3345
EMP07161,37,Role_47,Engineering,131107,85422.3345
EMP01111,54,Role_6,Finance,131105,85422.3345
EMP01961,47,Role_16,R&D,131034,85422.3345
EMP03563,62,Role_18,Engineering,130937,85422.3345
EMP03855,49,Role_27,R&D,130550,85422.3345
EMP07711,57,Role_15,Marketing,130474,85422.3345
EMP07623,51,Role_20,R&D,130417,85422.3345
EMP06615,52,Role_10,R&D,130336,85422.3345
EMP09231,34,Role_36,R&D,130260,85422.3345
EMP08815,38,Role_16,Engineering,130212,85422.3345
EMP03493,49,Role_46,Sales,130140,85422.3345
EMP02347,43,Role_4,R&D,130036,85422.3345
EMP04336,58,Role_26,Legal,129946,85422.3345
EMP01590,51,Role_22,Finance,129871,85422.3345
EMP06725,65,Role_44,R&D,129851,85422.3345
EMP04769,47,Role_26,R&D,129772,85422.3345
EMP02395,37,Role_32,R&D,129690,85422.3345
EMP06967,49,Role_8,R&D,129510,85422.3345
EMP01215,54,Role_15,Finance,129407,85422.3345
EMP04291,29,Role_19,Engineering,128974,85422.3345
EMP06689,46,Role_5,Legal,128874,85422.3345
EMP00252,40,Role_27,Engineering,128866,85422.3345
EMP03351,45,Role_21,R&D,128752,85422.3345
EMP00015,42,Role_45,Engineering,128748,85422.3345
EMP05759,43,Role_44,R&D,128357,85422.3345
EMP05947,52,Role_14,Finance,128351,85422.3345
EMP01460,47,Role_1,Legal,128327,85422.3345
EMP02197,41,Role_31,Engineering,128327,85422.3345
EMP00963,48,Role_18,Engineering,128272,85422.3345
EMP06926,50,Role_7,R&D,128245,85422.3345
EMP01934,43,Role_28,Finance,128040,85422.3345
EMP00470,36,Role_49,Engineering,127992,85422.3345
EMP05913,45,Role_16,Engineering,127949,85422.3345
EMP00718,49,Role_45,Finance,127848,85422.3345
EMP09239,56,Role_36,Finance,127706,85422.3345
EMP06378,57,Role_34,Engineering,127681,85422.3345
EMP03586,45,Role_49,Sales,127504,85422.3345
EMP04946,36,Role_43,Engineering,127499,85422.3345
EMP06101,47,Role_13,R&D,127478,85422.3345
EMP00506,49,Role_17,Engineering,127466,85422.3345
EMP07283,43,Role_7,Engineering,127284,85422.3345
EMP03228,43,Role_9,R&D,127227,85422.3345
EMP05924,64,Role_21,Legal,127192,85422.3345
EMP01078,65,Role_17,Engineering,127133,85422.3345
EMP04234,44,Role_32,Legal,127088,85422.3345
EMP04627,36,Role_38,Engineering,126974,85422.3345
EMP09330,56,Role_6,R&D,126949,85422.3345
EMP03104,34,Role_21,Engineering,126927,85422.3345
EMP07300,34,Role_17,Finance,126917,85422.3345
EMP07635,48,Role_1,Engineering,126430,85422.3345
EMP01945,54,Role_33,R&D,126275,85422.3345
EMP03806,49,Role_26,Sales,126236,85422.3345
EMP01516,65,Role_34,R&D,126177,85422.3345
EMP02894,43,Role_31,R&D,126023,85422.3345
EMP06929,55,Role_23,Finance,125871,85422.3345
EMP02001,58,Role_14,Legal,125819,85422.3345
EMP04104,42,Role_15,R&D,125793,85422.3345
EMP02292,51,Role_43,R&D,125762,85422.3345
EMP04607,45,Role_2,Legal,125543,85422.3345
EMP00837,43,Role_49,R&D,125538,85422.3345
EMP08924,27,Role_48,Engineering,125440,85422.3345
EMP06298,49,Role_23,Engineering,125366,85422.3345
EMP02834,52,Role_48,R&D,125236,85422.3345
EMP04431,38,Role_7,Engineering,125125,85422.3345
EMP06514,61,Role_3,Legal,125035,85422.3345
EMP03815,36,Role_5,Finance,125026,85422.3345
EMP00665,47,Role_48,Engineering,124949,85422.3345
EMP04095,41,Role_3,Finance,124924,85422.3345
EMP01733,60,Role_40,Sales,124882,85422.3345
EMP01042,47,Role_49,R&D,124734,85422.3345
EMP05899,53,Role_6,Finance,124654,85422.3345
EMP03603,65,Role_27,Engineering,124537,85422.3345
EMP00959,41,Role_44,Engineering,124524,85422.3345
EMP06057,52,Role_16,Engineering,124491,85422.3345
EMP04313,39,Role_19,Engineering,124408,85422.3345
EMP07478,51,Role_23,Legal,124316,85422.3345
EMP06195,46,Role_46,Finance,124222,85422.3345
EMP05507,55,Role_15,Engineering,124064,85422.3345
EMP02319,46,Role_30,R&D,124062,85422.3345
EMP01145,52,Role_27,Engineering,123992,85422.3345
EMP00903,37,Role_3,Engineering,123972,85422.3345
EMP04354,45,Role_12,R&D,123905,85422.3345
EMP06715,47,Role_35,Marketing,123858,85422.3345
EMP01615,53,Role_12,Operations,123844,85422.3345
EMP07605,46,Role_29,R&D,123645,85422.3345
EMP09018,39,Role_35,Finance,123620,85422.3345
EMP08290,41,Role_5,Engineering,123465,85422.3345
EMP02428,55,Role_27,Finance,123393,85422.3345
EMP00452,49,Role_27,Engineering,123381,85422.3345
EMP08434,48,Role_3,Finance,123323,85422.3345
EMP00623,53,Role_48,R&D,123277,85422.3345
EMP07680,57,Role_20,Legal,123192,85422.3345
EMP04698,53,Role_1,Legal,123155,85422.3345
EMP05986,53,Role_20,Finance,123134,85422.3345
EMP06710,37,Role_12,R&D,123100,85422.3345
EMP05645,44,Role_25,R&D,123032,85422.3345
EMP09194,58,Role_5,Legal,122958,85422.3345
EMP04696,22,Role_12,Engineering,122860,85422.3345
EMP08951,22,Role_45,Engineering,122859,85422.3345
EMP09242,48,Role_9,Engineering,122843,85422.3345
EMP08096,53,Role_46,Finance,122837,85422.3345
EMP09747,52,Role_10,Engineering,122757,85422.3345
EMP06742,31,Role_2,Finance,122735,85422.3345
EMP01971,46,Role_22,Finance,122720,85422.3345
EMP09115,39,Role_12,Engineering,122302,85422.3345
EMP04060,34,Role_19,Legal,122263,85422.3345
EMP06620,45,Role_34,R&D,122199,85422.3345
EMP08502,48,Role_14,Finance,122122,85422.3345
EMP08719,51,Role_47,Engineering,122095,85422.3345
EMP00650,41,Role_30,R&D,121954,85422.3345
EMP00674,40,Role_4,R&D,121792,85422.3345
EMP05729,42,Role_14,Sales,121775,85422.3345
EMP08545,27,Role_45,Engineering,121746,85422.3345
EMP07191,50,Role_31,Finance,121714,85422.3345
EMP02617,45,Role_28,Finance,121591,85422.3345
EMP02224,45,Role_38,R&D,121567,85422.3345
EMP04571,41,Role_3,R&D,121421,85422.3345
EMP03957,54,Role_45,R&D,121396,85422.3345
EMP00326,40,Role_40,R&D,121360,85422.3345
EMP00913,45,Role_42,Engineering,121244,85422.3345
EMP07393,52,Role_29,Operations,121208,85422.3345
EMP08499,53,Role_7,Engineering,121150,85422.3345
EMP02043,48,Role_25,Legal,121023,85422.3345
EMP02600,51,Role_37,Engineering,121023,85422.3345
EMP07368,53,Role_19,Legal,120822,85422.3345
EMP08304,41,Role_10,R&D,120809,85422.3345
EMP00403,43,Role_40,Engineering,120805,85422.3345
EMP09954,59,Role_23,Legal,120794,85422.3345
EMP07859,40,Role_5,Legal,120521,85422.3345
EMP09613,42,Role_45,Finance,120490,85422.3345
EMP09165,28,Role_6,Engineering,120479,85422.3345
EMP01370,52,Role_30,Finance,120468,85422.3345
EMP02260,54,Role_11,Engineering,120451,85422.3345
EMP09600,38,Role_33,Engineering,120423,85422.3345
EMP02452,47,Role_32,Legal,120325,85422.3345
EMP06434,41,Role_11,R&D,120150,85422.3345
EMP09406,46,Role_14,Engineering,120005,85422.3345
EMP06261,56,Role_25,Engineering,119847,85422.3345
EMP09348,43,Role_7,R&D,119806,85422.3345
EMP06617,39,Role_37,Engineering,119770,85422.3345
EMP05889,56,Role_36,Engineering,119713,85422.3345
EMP01293,51,Role_25,R&D,119700,85422.3345
EMP09398,30,Role_48,Finance,119644,85422.3345
EMP07686,38,Role_11,Engineering,119606,85422.3345
EMP02464,37,Role_49,Engineering,119590,85422.3345
EMP02704,44,Role_36,R&D,119569,85422.3345
EMP08087,56,Role_41,Sales,119544,85422.3345
EMP07150,42,Role_17,Marketing,119531,85422.3345
EMP08097,65,Role_10,Engineering,119527,85422.3345
EMP07663,47,Role_35,R&D,119408,85422.3345
EMP01767,56,Role_26,Engineering,119373,85422.3345
EMP07022,53,Role_26,Engineering,119293,85422.3345
EMP04959,34,Role_41,Finance,119271,85422.3345
EMP06778,52,Role_34,Sales,119265,85422.3345
EMP01618,53,Role_11,R&D,119247,85422.3345
EMP02470,57,Role_42,R&D,119238,85422.3345
EMP08707,30,Role_23,Finance,119220,85422.3345
EMP03022,35,Role_15,Engineering,119187,85422.3345
EMP04275,41,Role_12,Finance,119176,85422.3345
EMP04187,55,Role_5,Engineering,119176,85422.3345
EMP08831,49,Role_10,Sales,119149,85422.3345
EMP01139,37,Role_42,Engineering,119139,85422.3345
EMP07873,45,Role_4,Marketing,119114,85422.3345
EMP00584,51,Role_47,R&D,119044,85422.3345
EMP06885,43,Role_14,Finance,119040,85422.3345
EMP02578,46,Role_23,Legal,118984,85422.3345
EMP00484,45,Role_18,R&D,118947,85422.3345
EMP05469,53,Role_43,R&D,118944,85422.3345
EMP03321,33,Role_17,R&D,118941,85422.3345
EMP01589,32,Role_23,Finance,118932,85422.3345
EMP02444,43,Role_1,R&D,118911,85422.3345
EMP08510,49,Role_24,Legal,118832,85422.3345
EMP06705,62,Role_41,Sales,118771,85422.3345
EMP06545,57,Role_3,Legal,118758,85422.3345
EMP06123,44,Role_28,Marketing,118727,85422.3345
EMP07443,32,Role_25,Finance,118691,85422.3345
EMP05449,43,Role_2,Finance,118594,85422.3345
EMP08396,57,Role_19,R&D,118575,85422.3345
EMP08103,43,Role_3,R&D,118525,85422.3345
EMP00684,53,Role_34,Legal,118314,85422.3345
EMP08144,47,Role_36,Engineering,118306,85422.3345
EMP02127,47,Role_4,Sales,118284,85422.3345
EMP06115,59,Role_21,Finance,118266,85422.3345
EMP07948,52,Role_39,Engineering,118177,85422.3345
EMP08912,38,Role_49,Engineering,118176,85422.3345
EMP04713,43,Role_17,Finance,118165,85422.3345
EMP04851,44,Role_31,Finance,118161,85422.3345
EMP00696,48,Role_22,Finance,118139,85422.3345
EMP00167,41,Role_45,R&D,118109,85422.3345
EMP01661,53,Role_38,Engineering,118082,85422.3345
EMP08696,48,Role_47,Finance,118077,85422.3345
EMP08784,58,Role_18,Finance,118043,85422.3345
EMP06603,31,Role_35,Engineering,117977,85422.3345
EMP08880,52,Role_14,Sales,117974,85422.3345
EMP02157,38,Role_32,Engineering,117963,85422.3345
EMP00935,50,Role_21,Engineering,117927,85422.3345
EMP09137,37,Role_37,Finance,117903,85422.3345
EMP05834,39,Role_12,Sales,117886,85422.3345
EMP01346,48,Role_15,Marketing,117808,85422.3345
EMP08324,26,Role_49,Finance,117707,85422.3345
EMP05118,50,Role_37,Finance,117666,85422.3345
EMP09574,36,Role_5,Engineering,117658,85422.3345
EMP00906,38,Role_26,R&D,117632,85422.3345
EMP08892,48,Role_16,Engineering,117631,85422.3345
EMP07417,51,Role_8,Sales,117586,85422.3345
EMP06252,35,Role_22,Engineering,117570,85422.3345
EMP04293,37,Role_34,R&D,117550,85422.3345
EMP03421,41,Role_48,R&D,117549,85422.3345
EMP04496,41,Role_45,R&D,117511,85422.3345
EMP04402,34,Role_1,Engineering,117450,85422.3345
EMP00210,44,Role_45,Finance,117430,85422.3345
EMP03365,48,Role_18,R&D,117391,85422.3345
EMP01889,32,Role_40,R&D,117387,85422.3345
EMP01537,37,Role_2,R&D,117376,85422.3345
EMP05073,55,Role_46,Finance,117352,85422.3345
EMP00007,57,Role_36,R&D,117285,85422.3345
EMP03382,48,Role_47,Engineering,117187,85422.3345
EMP00381,47,Role_30,Finance,117151,85422.3345
EMP03480,58,Role_15,Finance,117098,85422.3345
EMP00601,26,Role_27,R&D,117091,85422.3345
EMP04079,34,Role_26,Engineering,117064,85422.3345
EMP06611,25,Role_26,R&D,116961,85422.3345
EMP01207,51,Role_13,Sales,116914,85422.3345
EMP03595,40,Role_44,R&D,116893,85422.3345
EMP03732,40,Role_38,Engineering,116880,85422.3345
EMP02642,53,Role_13,Engineering,116860,85422.3345
EMP05568,45,Role_30,Legal,116826,85422.3345
EMP08548,52,Role_14,Legal,116785,85422.3345
EMP01853,33,Role_40,Finance,116733,85422.3345
EMP02506,29,Role_10,R&D,116722,85422.3345
EMP04931,40,Role_40,Engineering,116680,85422.3345
EMP08879,47,Role_44,Finance,116644,85422.3345
EMP08189,55,Role_46,Engineering,116629,85422.3345
EMP06088,32,Role_48,Engineering,116607,85422.3345
EMP03299,41,Role_41,Finance,116565,85422.3345
EMP01505,36,Role_6,Finance,116443,85422.3345
EMP01851,39,Role_20,Engineering,116319,85422.3345
EMP07914,47,Role_22,Sales,116314,85422.3345
EMP03972,53,Role_44,Engineering,116310,85422.3345
EMP09507,44,Role_48,Finance,116298,85422.3345
EMP09883,42,Role_30,Engineering,116262,85422.3345
EMP02517,48,Role_44,Sales,116093,85422.3345
EMP08686,38,Role_21,R&D,116089,85422.3345
EMP01061,56,Role_8,Marketing,116068,85422.3345
EMP04066,43,Role_37,R&D,116044,85422.3345
EMP01535,37,Role_8,Engineering,116028,85422.3345
EMP04888,36,Role_46,R&D,116010,85422.3345
EMP01594,40,Role_48,Finance,115928,85422.3345
EMP03630,33,Role_35,Engineering,115891,85422.3345
EMP09475,35,Role_41,R&D,115816,85422.3345
EMP06315,30,Role_25,R&D,115813,85422.3345
EMP08759,49,Role_3,Engineering,115785,85422.3345
EMP05554,58,Role_34,Legal,115778,85422.3345
EMP06507,35,Role_9,R&D,115726,85422.3345
EMP08389,40,Role_10,Finance,115710,85422.3345
EMP08947,56,Role_37,Finance,115676,85422.3345
EMP03663,45,Role_2,Engineering,115639,85422.3345
EMP00471,44,Role_27,R&D,115615,85422.3345
EMP05955,37,Role_32,Finance,115524,85422.3345
EMP07688,50,Role_30,Finance,115492,85422.3345
EMP01783,38,Role_32,Engineering,115472,85422.3345
EMP06333,47,Role_11,Engineering,115472,85422.3345
EMP07886,45,Role_3,Finance,115427,85422.3345
EMP09822,39,Role_47,R&D,115423,85422.3345
EMP03490,44,Role_46,Engineering,115389,85422.3345
EMP04410,32,Role_25,R&D,115358,85422.3345
EMP03037,33,Role_22,Engineering,115344,85422.3345
EMP09333,47,Role_31,Finance,115340,85422.3345
EMP01774,51,Role_16,Finance,115312,85422.3345
EMP01415,31,Role_5,Engineering,115275,85422.3345
EMP06026,38,Role_33,Engineering,115258,85422.3345
EMP08351,37,Role_25,Sales,115253,85422.3345
EMP06329,48,Role_11,Legal,115139,85422.3345
EMP09625,49,Role_46,Finance,115085,85422.3345
EMP04619,39,Role_34,R&D,115049,85422.3345
EMP08366,35,Role_4,Legal,115030,85422.3345
EMP04674,29,Role_33,Finance,115029,85422.3345
EMP09306,43,Role_20,Sales,115013,85422.3345
EMP04175,37,Role_48,R&D,114989,85422.3345
EMP03065,39,Role_45,R&D,114981,85422.3345
EMP00633,30,Role_43,R&D,114837,85422.3345
EMP03542,23,Role_35,R&D,114819,85422.3345
EMP07746,48,Role_46,Engineering,114798,85422.3345
EMP08035,52,Role_24,R&D,114720,85422.3345
EMP02264,37,Role_9,R&D,114639,85422.3345
EMP03632,41,Role_23,Engineering,114631,85422.3345
EMP01822,47,Role_20,Engineering,114608,85422.3345
EMP09311,37,Role_38,Sales,114605,85422.3345
EMP08226,46,Role_30,Finance,114492,85422.3345
EMP06917,55,Role_32,R&D,114427,85422.3345
EMP05350,60,Role_47,Finance,114339,85422.3345
EMP06423,45,Role_18,Legal,114250,85422.3345
EMP04572,30,Role_37,R&D,114235,85422.3345
EMP01496,41,Role_14,Finance,114133,85422.3345
EMP03702,39,Role_48,Marketing,114121,85422.3345
EMP08988,46,Role_49,R&D,114057,85422.3345
EMP07026,46,Role_47,Engineering,114055,85422.3345
EMP07304,59,Role_4,Operations,114030,85422.3345
EMP07231,47,Role_3,Engineering,114008,85422.3345
EMP04666,52,Role_10,Legal,113979,85422.3345
EMP03759,33,Role_27,Sales,113874,85422.3345
EMP01385,46,Role_23,R&D,113814,85422.3345
EMP09497,51,Role_8,Operations,113796,85422.3345
EMP01378,55,Role_48,Sales,113788,85422.3345
EMP07596,53,Role_15,Engineering,113770,85422.3345
EMP02290,58,Role_8,Finance,113767,85422.3345
EMP09962,35,Role_33,Engineering,113653,85422.3345
EMP00655,59,Role_3,Finance,113550,85422.3345
EMP06382,57,Role_1,Operations,113547,85422.3345
EMP03721,44,Role_43,Engineering,113527,85422.3345
EMP09614,45,Role_13,Legal,113483,85422.3345
EMP01744,44,Role_43,Sales,113474,85422.3345
EMP04523,31,Role_2,Engineering,113464,85422.3345
EMP04485,40,Role_37,Engineering,113430,85422.3345
EMP06370,47,Role_14,Legal,113376,85422.3345
EMP09938,34,Role_32,R&D,113164,85422.3345
EMP08165,64,Role_44,HR,113130,85422.3345
EMP01646,56,Role_19,Marketing,113127,85422.3345
EMP03045,48,Role_22,Finance,113127,85422.3345
EMP05614,29,Role_14,Engineering,113095,85422.3345
EMP08014,49,Role_15,Engineering,113082,85422.3345
EMP06312,46,Role_44,Engineering,113017,85422.3345
EMP01518,38,Role_31,Engineering,112886,85422.3345
EMP06021,48,Role_38,HR,112859,85422.3345
EMP02206,52,Role_7,R&D,112853,85422.3345
EMP01176,31,Role_27,Sales,112753,85422.3345
EMP07622,51,Role_1,Finance,112747,85422.3345
EMP04965,42,Role_29,Legal,112729,85422.3345
EMP07497,32,Role_1,R&D,112700,85422.3345
EMP03130,44,Role_13,Finance,112671,85422.3345
EMP08417,38,Role_34,Engineering,112648,85422.3345
EMP07991,35,Role_19,Engineering,112550,85422.3345
EMP07614,50,Role_28,Engineering,112538,85422.3345
EMP01905,39,Role_17,Finance,112495,85422.3345
EMP05159,55,Role_7,R&D,112458,85422.3345
EMP07329,39,Role_47,Engineering,112431,85422.3345
EMP01168,36,Role_34,Sales,112416,85422.3345
EMP01941,40,Role_19,Finance,112411,85422.3345
EMP03415,48,Role_2,Engineering,112377,85422.3345
EMP09736,30,Role_20,Finance,112334,85422.3345
EMP00656,61,Role_35,Engineering,112322,85422.3345
EMP04518,35,Role_3,R&D,112322,85422.3345
EMP04144,48,Role_18,Engineering,112291,85422.3345
EMP01092,55,Role_2,Finance,112255,85422.3345
EMP07692,32,Role_32,Engineering,112192,85422.3345
EMP06521,41,Role_49,Marketing,112122,85422.3345
EMP03001,44,Role_9,Engineering,112120,85422.3345
EMP04873,32,Role_33,Engineering,112054,85422.3345
EMP01174,40,Role_22,R&D,112000,85422.3345
EMP01213,31,Role_6,R&D,111997,85422.3345
EMP08766,36,Role_25,Finance,111987,85422.3345
EMP03216,59,Role_20,Finance,111987,85422.3345
EMP02353,33,Role_49,R&D,111940,85422.3345
EMP06789,36,Role_8,Legal,111938,85422.3345
EMP00353,51,Role_47,R&D,111934,85422.3345
EMP05806,43,Role_4,Engineering,111927,85422.3345
EMP07981,38,Role_30,R&D,111923,85422.3345
EMP02227,39,Role_1,R&D,111903,85422.3345
EMP06822,45,Role_39,Engineering,111882,85422.3345
EMP02875,35,Role_3,Engineering,111852,85422.3345
EMP00310,45,Role_4,Engineering,111794,85422.3345
EMP03646,56,Role_33,Finance,111748,85422.3345
EMP08698,47,Role_41,R&D,111718,85422.3345
EMP07253,55,Role_35,Operations,111711,85422.3345
EMP01560,51,Role_43,R&D,111703,85422.3345
EMP05131,57,Role_40,R&D,111701,85422.3345
EMP05727,45,Role_26,R&D,111624,85422.3345
EMP05811,52,Role_45,Operations,111614,85422.3345
EMP00081,50,Role_7,R&D,111582,85422.3345
EMP07476,46,Role_43,Finance,111537,85422.3345
EMP03893,36,Role_1,R&D,111531,85422.3345
EMP00864,56,Role_1,Finance,111514,85422.3345
EMP06678,43,Role_21,Legal,111439,85422.3345
EMP09826,59,Role_21,Marketing,111392,85422.3345
EMP03621,40,Role_42,Operations,111373,85422.3345
EMP05693,46,Role_8,Sales,111292,85422.3345
EMP08092,59,Role_42,Sales,111261,85422.3345
EMP07947,56,Role_49,Sales,111259,85422.3345
EMP08626,49,Role_45,Engineering,111256,85422.3345
EMP09516,40,Role_4,Legal,111213,85422.3345
EMP00591,46,Role_3,R&D,111154,85422.3345
EMP06108,54,Role_40,R&D,111126,85422.3345
EMP01110,48,Role_13,Engineering,111117,85422.3345
EMP05745,33,Role_38,Legal,111116,85422.3345
EMP03749,43,Role_5,Engineering,111110,85422.3345
EMP07254,48,Role_11,Sales,111109,85422.3345
EMP08500,46,Role_18,Legal,111108,85422.3345
EMP06247,30,Role_45,Engineering,111102,85422.3345
EMP07656,36,Role_22,R&D,111082,85422.3345
EMP05529,32,Role_15,Legal,111045,85422.3345
EMP04133,42,Role_18,Engineering,111009,85422.3345
EMP00846,56,Role_9,Legal,110978,85422.3345
EMP09723,50,Role_37,Sales,110975,85422.3345
EMP05775,44,Role_24,Sales,110962,85422.3345
EMP00061,43,Role_18,R&D,110914,85422.3345
EMP05532,40,Role_6,R&D,110891,85422.3345
EMP09183,47,Role_26,R&D,110810,85422.3345
EMP08576,57,Role_46,Legal,110785,85422.3345
EMP06633,37,Role_13,R&D,110774,85422.3345
EMP03449,37,Role_36,Legal,110763,85422.3345
EMP08213,47,Role_47,Engineering,110709,85422.3345
EMP04280,41,Role_19,Legal,110689,85422.3345
EMP09710,36,Role_21,Marketing,110605,85422.3345
EMP03531,65,Role_23,Legal,110566,85422.3345
EMP09650,36,Role_11,R&D,110505,85422.3345
EMP02143,54,Role_22,R&D,110485,85422.3345
EMP08438,65,Role_3,Marketing,110483,85422.3345
EMP07909,57,Role_24,R&D,110483,85422.3345
EMP06437,48,Role_46,Marketing,110479,85422.3345
EMP08266,41,Role_45,Marketing,110437,85422.3345
EMP04585,27,Role_38,Finance,110416,85422.3345
EMP09732,33,Role_29,R&D,110400,85422.3345
EMP02118,38,Role_29,R&D,110357,85422.3345
EMP04185,56,Role_29,Legal,110344,85422.3345
EMP04010,45,Role_1,Legal,110311,85422.3345
EMP01366,57,Role_3,R&D,110304,85422.3345
EMP05916,42,Role_21,Finance,110302,85422.3345
EMP05842,37,Role_44,Sales,110295,85422.3345
EMP08541,37,Role_12,Finance,110274,85422.3345
EMP07340,35,Role_42,Finance,110238,85422.3345
EMP09785,47,Role_11,Engineering,110212,85422.3345
EMP02011,43,Role_36,Engineering,110212,85422.3345
EMP07788,48,Role_28,Marketing,110198,85422.3345
EMP04097,45,Role_44,Engineering,110184,85422.3345
EMP05414,37,Role_37,R&D,110183,85422.3345
EMP06135,35,Role_11,Finance,110180,85422.3345
EMP00711,40,Role_3,Legal,110145,85422.3345
EMP06044,47,Role_11,Marketing,110125,85422.3345
EMP05629,55,Role_44,Engineering,110043,85422.3345
EMP09480,29,Role_7,R&D,110042,85422.3345
EMP08821,44,Role_19,Finance,110023,85422.3345
EMP06341,28,Role_17,Engineering,110020,85422.3345
EMP00525,56,Role_48,Sales,109959,85422.3345
EMP04898,31,Role_10,Sales,109943,85422.3345
EMP02657,34,Role_15,Engineering,109912,85422.3345
EMP04754,51,Role_39,Finance,109880,85422.3345
EMP09558,40,Role_8,R&D,109876,85422.3345
EMP05664,35,Role_46,Finance,109869,85422.3345
EMP08406,25,Role_49,Legal,109826,85422.3345
EMP00255,58,Role_18,R&D,109805,85422.3345
EMP09926,29,Role_7,Engineering,109766,85422.3345
EMP06568,43,Role_8,Sales,109748,85422.3345
EMP06310,46,Role_39,R&D,109748,85422.3345
EMP02228,46,Role_14,Engineering,109732,85422.3345
EMP06501,54,Role_20,Legal,109729,85422.3345
EMP00030,53,Role_26,Engineering,109704,85422.3345
EMP02979,41,Role_23,Finance,109686,85422.3345
EMP02748,58,Role_15,Finance,109679,85422.3345
EMP03798,47,Role_27,Legal,109646,85422.3345
EMP03734,47,Role_18,Sales,109612,85422.3345
EMP02679,53,Role_28,Legal,109446,85422.3345
EMP09538,45,Role_41,Legal,109442,85422.3345
EMP08527,55,Role_35,Legal,109428,85422.3345
EMP02836,44,Role_10,R&D,109420,85422.3345
EMP02762,42,Role_46,Finance,109360,85422.3345
EMP05550,45,Role_26,R&D,109326,85422.3345
EMP09024,49,Role_43,Finance,109308,85422.3345
EMP05983,51,Role_30,Legal,109253,85422.3345
EMP08227,47,Role_36,Marketing,109241,85422.3345
EMP02620,44,Role_5,Sales,109225,85422.3345
EMP04478,42,Role_45,Sales,109208,85422.3345
EMP05999,42,Role_9,Finance,109201,85422.3345
EMP05169,23,Role_4,Legal,109132,85422.3345
EMP00127,41,Role_48,Legal,109125,85422.3345
EMP02031,31,Role_14,R&D,109096,85422.3345
EMP07185,25,Role_20,Engineering,109090,85422.3345
EMP09032,55,Role_13,Engineering,109068,85422.3345
EMP03851,44,Role_39,Finance,109018,85422.3345
EMP05798,42,Role_5,Legal,109017,85422.3345
EMP05821,61,Role_42,Legal,109009,85422.3345
EMP01846,34,Role_42,Finance,108926,85422.3345
EMP08345,42,Role_10,Finance,108922,85422.3345
EMP05086,58,Role_48,R&D,108916,85422.3345
EMP06064,32,Role_1,R&D,108873,85422.3345
EMP01129,39,Role_7,R&D,108860,85422.3345
EMP08332,49,Role_12,Marketing,108854,85422.3345
EMP07308,28,Role_45,R&D,108844,85422.3345
EMP04115,43,Role_33,R&D,108840,85422.3345
EMP03268,49,Role_10,Engineering,108838,85422.3345
EMP02805,48,Role_22,Sales,108832,85422.3345
EMP03233,47,Role_28,Finance,108819,85422.3345
EMP04112,41,Role_26,Finance,108794,85422.3345
EMP05431,45,Role_37,R&D,108778,85422.3345
EMP09532,46,Role_40,Legal,108772,85422.3345
EMP02190,48,Role_42,Engineering,108766,85422.3345
EMP02457,53,Role_43,R&D,108763,85422.3345
EMP06859,56,Role_46,Operations,108754,85422.3345
EMP09982,51,Role_31,Marketing,108751,85422.3345
EMP04490,62,Role_40,HR,108727,85422.3345
EMP02760,59,Role_27,R&D,108685,85422.3345
EMP06586,32,Role_44,Sales,108658,85422.3345
EMP05044,43,Role_10,Legal,108595,85422.3345
EMP03960,47,Role_20,R&D,108589,85422.3345
EMP00802,43,Role_29,R&D,108555,85422.3345
EMP04988,51,Role_33,R&D,108510,85422.3345
EMP09455,42,Role_38,Engineering,108509,85422.3345
EMP04778,27,Role_2,Engineering,108480,85422.3345
EMP01903,41,Role_18,Engineering,108479,85422.3345
EMP08354,48,Role_7,Engineering,108477,85422.3345
EMP03985,35,Role_23,Finance,108469,85422.3345
EMP05837,37,Role_18,R&D,108462,85422.3345
EMP07179,46,Role_7,Engineering,108433,85422.3345
EMP08421,50,Role_16,HR,108408,85422.3345
EMP02906,39,Role_22,Legal,108400,85422.3345
EMP07426,45,Role_8,Engineering,108385,85422.3345
EMP07424,47,Role_46,Engineering,108365,85422.3345
EMP08125,35,Role_41,Legal,108362,85422.3345
EMP09373,30,Role_8,R&D,108361,85422.3345
EMP03881,49,Role_17,Marketing,108361,85422.3345
EMP09799,38,Role_48,Finance,108316,85422.3345
EMP06358,31,Role_13,Marketing,108295,85422.3345
EMP07064,56,Role_19,Legal,108262,85422.3345
EMP02050,41,Role_31,Engineering,108188,85422.3345
EMP09119,49,Role_21,R&D,108177,85422.3345
EMP00626,48,Role_4,Engineering,108131,85422.3345
EMP09069,54,Role_12,Finance,108130,85422.3345
EMP00086,59,Role_41,Legal,108116,85422.3345
EMP09486,37,Role_35,Engineering,108114,85422.3345
EMP01072,31,Role_19,Engineering,108085,85422.3345
EMP01355,45,Role_8,Operations,108067,85422.3345
EMP07525,54,Role_27,R&D,108037,85422.3345
EMP07773,38,Role_16,R&D,108032,85422.3345
EMP09349,52,Role_18,Engineering,108027,85422.3345
EMP07462,47,Role_11,Engineering,108025,85422.3345
EMP09997,28,Role_15,R&D,108003,85422.3345
EMP02243,52,Role_22,Finance,107937,85422.3345
EMP00868,41,Role_16,Legal,107901,85422.3345
EMP06146,53,Role_19,Marketing,107879,85422.3345
EMP07945,52,Role_24,Legal,107860,85422.3345
EMP09874,36,Role_9,Engineering,107839,85422.3345
EMP08615,47,Role_10,Engineering,107752,85422.3345
EMP02381,51,Role_47,Engineering,107751,85422.3345
EMP06413,48,Role_47,Finance,107713,85422.3345
EMP07670,37,Role_42,Legal,107703,85422.3345
EMP06455,51,Role_6,Sales,107700,85422.3345
EMP02862,43,Role_38,Legal,107635,85422.3345
EMP06334,53,Role_3,Sales,107633,85422.3345
EMP04470,44,Role_31,R&D,107621,85422.3345
EMP04569,51,Role_29,Finance,107610,85422.3345
EMP07776,41,Role_22,Engineering,107601,85422.3345
EMP04693,51,Role_1,Engineering,107489,85422.3345
EMP03581,46,Role_21,Legal,107472,85422.3345
EMP03626,35,Role_34,R&D,107449,85422.3345
EMP00653,40,Role_5,Finance,107442,85422.3345
EMP00001,42,Role_22,Finance,107433,85422.3345
EMP09671,57,Role_47,Sales,107432,85422.3345
EMP05268,46,Role_7,R&D,107427,85422.3345
EMP00759,57,Role_41,Marketing,107424,85422.3345
EMP04102,41,Role_6,Legal,107423,85422.3345
EMP07351,43,Role_43,R&D,107421,85422.3345
EMP04200,56,Role_38,Finance,107406,85422.3345
EMP01802,22,Role_13,R&D,107398,85422.3345
EMP02142,46,Role_43,Legal,107385,85422.3345
EMP06237,44,Role_22,R&D,107351,85422.3345
EMP03965,34,Role_16,Legal,107324,85422.3345
EMP07905,39,Role_27,Engineering,107314,85422.3345
EMP01202,33,Role_40,Finance,107303,85422.3345
EMP07532,36,Role_12,R&D,107298,85422.3345
EMP04484,46,Role_12,HR,107288,85422.3345
EMP01193,49,Role_34,Finance,107283,85422.3345
EMP02034,52,Role_45,Operations,107260,85422.3345
EMP02639,38,Role_14,Marketing,107235,85422.3345
EMP01339,42,Role_7,R&D,107233,85422.3345
EMP01845,51,Role_47,Finance,107208,85422.3345
EMP00345,43,Role_36,Finance,107155,85422.3345
EMP01397,41,Role_30,R&D,107151,85422.3345
EMP08387,54,Role_39,R&D,107143,85422.3345
EMP02692,43,Role_45,Engineering,107139,85422.3345
EMP03974,24,Role_8,Engineering,107112,85422.3345
EMP03465,26,Role_7,Engineering,107084,85422.3345
EMP07133,48,Role_3,Sales,107037,85422.3345
EMP03459,40,Role_30,Marketing,107017,85422.3345
EMP09709,48,Role_22,Engineering,106996,85422.3345
EMP06698,39,Role_49,R&D,106996,85422.3345
EMP08745,41,Role_15,Legal,106982,85422.3345
EMP00732,46,Role_43,R&D,106981,85422.3345
EMP03884,54,Role_16,Finance,106981,85422.3345
EMP02471,43,Role_25,R&D,106939,85422.3345
EMP06893,53,Role_31,Sales,106936,85422.3345
EMP07616,41,Role_11,Engineering,106917,85422.3345
EMP05952,51,Role_36,Finance,106885,85422.3345
EMP03266,53,Role_19,Operations,106846,85422.3345
EMP00964,41,Role_42,Finance,106831,85422.3345
EMP03458,29,Role_47,Engineering,106803,85422.3345
EMP08585,62,Role_1,Marketing,106777,85422.3345
EMP06643,44,Role_37,Legal,106776,85422.3345
EMP03124,33,Role_30,Engineering,106775,85422.3345
EMP03448,50,Role_27,R&D,106703,85422.3345
EMP03683,42,Role_36,Sales,106697,85422.3345
EMP09592,47,Role_2,Engineering,106688,85422.3345
EMP08376,32,Role_5,R&D,106671,85422.3345
EMP06479,48,Role_49,Finance,106601,85422.3345
EMP03748,52,Role_13,Sales,106574,85422.3345
EMP03424,38,Role_40,Engineering,106572,85422.3345
EMP09682,49,Role_32,R&D,106542,85422.3345
EMP07737,29,Role_30,R&D,106539,85422.3345
EMP06850,54,Role_13,Sales,106530,85422.3345
EMP06306,48,Role_7,R&D,106522,85422.3345
EMP08005,46,Role_42,Engineering,106514,85422.3345
EMP02512,42,Role_49,R&D,106499,85422.3345
EMP00313,45,Role_6,Finance,106484,85422.3345
EMP08279,61,Role_45,Marketing,106481,85422.3345
EMP09199,45,Role_8,Engineering,106426,85422.3345
EMP05984,53,Role_28,Sales,106422,85422.3345
EMP02400,52,Role_26,Legal,106385,85422.3345
EMP07687,30,Role_11,Legal,106355,85422.3345
EMP03996,41,Role_48,Engineering,106350,85422.3345
EMP05483,46,Role_9,Legal,106303,85422.3345
EMP01685,53,Role_45,Finance,106261,85422.3345
EMP07027,43,Role_6,Sales,106215,85422.3345
EMP01572,53,Role_39,Operations,106206,85422.3345
EMP08870,65,Role_18,Marketing,106165,85422.3345
EMP06928,45,Role_24,R&D,106152,85422.3345
EMP00517,37,Role_34,Engineering,106133,85422.3345
EMP08797,32,Role_4,Legal,106093,85422.3345
EMP02416,46,Role_44,HR,106069,85422.3345
EMP07210,58,Role_42,HR,106054,85422.3345
EMP06720,31,Role_8,Finance,106052,85422.3345
EMP05750,28,Role_17,Finance,106041,85422.3345
EMP00782,42,Role_4,R&D,106036,85422.3345
EMP06385,38,Role_38,Engineering,106028,85422.3345
EMP04335,30,Role_29,Finance,106013,85422.3345
EMP09277,35,Role_2,Finance,106010,85422.3345
EMP05241,47,Role_28,Engineering,105996,85422.3345
EMP07105,33,Role_17,Finance,105961,85422.3345
EMP05032,39,Role_38,Legal,105923,85422.3345
EMP07218,41,Role_33,Sales,105915,85422.3345
EMP07053,26,Role_40,Engineering,105901,85422.3345
EMP00581,38,Role_16,Engineering,105900,85422.3345
EMP00902,34,Role_1,Marketing,105885,85422.3345
EMP04344,22,Role_11,R&D,105876,85422.3345
EMP06659,51,Role_17,Engineering,105831,85422.3345
EMP04919,40,Role_8,HR,105765,85422.3345
EMP02601,37,Role_4,Engineering,105735,85422.3345
EMP01206,38,Role_19,R&D,105716,85422.3345
EMP09010,49,Role_2,Legal,105706,85422.3345
EMP01506,31,Role_20,Legal,105692,85422.3345
EMP03969,39,Role_9,Finance,105689,85422.3345
EMP03780,42,Role_32,Marketing,105571,85422.3345
EMP03678,49,Role_25,R&D,105561,85422.3345
EMP05346,28,Role_42,R&D,105499,85422.3345
EMP05557,39,Role_5,Operations,105484,85422.3345
EMP06110,39,Role_43,Legal,105463,85422.3345
EMP05949,44,Role_23,Engineering,105451,85422.3345
EMP02268,55,Role_8,Engineering,105362,85422.3345
EMP03741,45,Role_25,R&D,105350,85422.3345
EMP09197,38,Role_15,Engineering,105334,85422.3345
EMP08597,44,Role_17,Marketing,105326,85422.3345
EMP03776,50,Role_9,Finance,105320,85422.3345
EMP03673,46,Role_30,Sales,105305,85422.3345
EMP01327,28,Role_12,R&D,105266,85422.3345
EMP00961,52,Role_17,Operations,105256,85422.3345
EMP02528,60,Role_33,Finance,105243,85422.3345
EMP08007,42,Role_11,Sales,105191,85422.3345
EMP00017,49,Role_38,Finance,105180,85422.3345
EMP09017,23,Role_38,Engineering,105146,85422.3345
EMP02552,40,Role_34,R&D,105131,85422.3345
EMP03248,37,Role_49,Legal,105114,85422.3345
EMP01009,32,Role_43,Engineering,105113,85422.3345
EMP01039,52,Role_35,Legal,105094,85422.3345
EMP08077,46,Role_8,Engineering,105087,85422.3345
EMP09761,31,Role_18,Engineering,105077,85422.3345
EMP03710,26,Role_17,Legal,105007,85422.3345
EMP05829,45,Role_25,R&D,105006,85422.3345
EMP03078,41,Role_27,Marketing,104982,85422.3345
EMP03047,57,Role_48,Marketing,104926,85422.3345
EMP03916,27,Role_25,Marketing,104924,85422.3345
EMP00593,46,Role_47,Legal,104919,85422.3345
EMP08796,36,Role_11,R&D,104911,85422.3345
EMP09685,62,Role_41,Finance,104893,85422.3345
EMP01159,58,Role_1,Legal,104877,85422.3345
EMP05203,42,Role_3,R&D,104842,85422.3345
EMP07710,29,Role_43,R&D,104829,85422.3345
EMP06189,39,Role_48,Engineering,104785,85422.3345
EMP08971,36,Role_9,Legal,104768,85422.3345
EMP04509,45,Role_48,Finance,104757,85422.3345
EMP03994,47,Role_17,Finance,104751,85422.3345
EMP08338,40,Role_44,Finance,104742,85422.3345
EMP00973,39,Role_41,Finance,104735,85422.3345
EMP00545,46,Role_39,Engineering,104671,85422.3345
EMP02396,44,Role_31,Operations,104659,85422.3345
EMP08151,41,Role_37,Engineering,104638,85422.3345
EMP07568,47,Role_46,Operations,104604,85422.3345
EMP02660,39,Role_22,Sales,104566,85422.3345
EMP00181,51,Role_9,Legal,104547,85422.3345
EMP03031,54,Role_18,Operations,104547,85422.3345
EMP03772,50,Role_28,Legal,104528,85422.3345
EMP05116,33,Role_4,R&D,104508,85422.3345
EMP02373,43,Role_47,Marketing,104505,85422.3345
EMP05339,49,Role_19,Sales,104505,85422.3345
EMP01894,37,Role_30,Sales,104504,85422.3345
EMP00582,42,Role_13,Marketing,104481,85422.3345
EMP05875,46,Role_49,R&D,104477,85422.3345
EMP01520,48,Role_2,Engineering,104463,85422.3345
EMP04780,28,Role_27,R&D,104434,85422.3345
EMP06331,27,Role_22,R&D,104391,85422.3345
EMP05310,51,Role_7,Finance,104386,85422.3345
EMP04111,65,Role_23,Sales,104365,85422.3345
EMP03999,33,Role_7,R&D,104330,85422.3345
EMP00598,41,Role_28,Engineering,104327,85422.3345
EMP03008,40,Role_4,R&D,104292,85422.3345
EMP07236,22,Role_43,Engineering,104290,85422.3345
EMP03084,44,Role_25,Marketing,104225,85422.3345
EMP07405,45,Role_34,Marketing,104201,85422.3345
EMP04533,52,Role_27,Operations,104191,85422.3345
EMP09769,36,Role_14,R&D,104184,85422.3345
EMP03456,34,Role_15,Engineering,104154,85422.3345
EMP04740,22,Role_17,Engineering,104153,85422.3345
EMP04302,29,Role_22,Finance,104149,85422.3345
EMP02551,36,Role_19,R&D,104146,85422.3345
EMP00145,40,Role_21,R&D,104133,85422.3345
EMP09198,26,Role_34,Engineering,104108,85422.3345
EMP02259,31,Role_14,Legal,104091,85422.3345
EMP06147,47,Role_26,Finance,104052,85422.3345
EMP08034,44,Role_39,R&D,103999,85422.3345
EMP06761,38,Role_23,Legal,103997,85422.3345
EMP06963,34,Role_29,R&D,103994,85422.3345
EMP07332,38,Role_19,R&D,103980,85422.3345
EMP06626,44,Role_2,Legal,103966,85422.3345
EMP05006,43,Role_22,R&D,103923,85422.3345
EMP05307,32,Role_21,Legal,103909,85422.3345
EMP07441,44,Role_36,Legal,103891,85422.3345
EMP05198,40,Role_37,R&D,103882,85422.3345
EMP00709,27,Role_33,R&D,103866,85422.3345
EMP05776,31,Role_39,Engineering,103852,85422.3345
EMP03038,38,Role_48,Engineering,103851,85422.3345
EMP04150,39,Role_40,Marketing,103837,85422.3345
EMP01968,42,Role_26,Engineering,103830,85422.3345
EMP01181,48,Role_33,R&D,103818,85422.3345
EMP01619,30,Role_39,Finance,103812,85422.3345
EMP08171,59,Role_9,R&D,103770,85422.3345
EMP04239,53,Role_35,R&D,103753,85422.3345
EMP00638,41,Role_15,Sales,103705,85422.3345
EMP09426,39,Role_11,HR,103695,85422.3345
EMP06254,55,Role_36,Legal,103688,85422.3345
EMP04198,43,Role_6,Operations,103677,85422.3345
EMP05384,47,Role_1,Marketing,103675,85422.3345
EMP02126,26,Role_47,R&D,103674,85422.3345
EMP09714,38,Role_11,Engineering,103624,85422.3345
EMP08738,32,Role_8,R&D,103584,85422.3345
EMP08861,43,Role_5,Marketing,103576,85422.3345
EMP02096,37,Role_40,Legal,103575,85422.3345
EMP09263,40,Role_15,Engineering,103574,85422.3345
EMP08767,37,Role_18,Legal,103571,85422.3345
EMP09171,46,Role_33,Engineering,103557,85422.3345
EMP06640,49,Role_27,R&D,103556,85422.3345
EMP07929,45,Role_45,Legal,103550,85422.3345
EMP05757,26,Role_46,Finance,103548,85422.3345
EMP09760,31,Role_39,Engineering,103491,85422.3345
EMP05819,34,Role_29,R&D,103479,85422.3345
EMP07353,37,Role_34,Sales,103458,85422.3345
EMP01929,55,Role_45,Marketing,103446,85422.3345
EMP09472,39,Role_47,Sales,103405,85422.3345
EMP05362,51,Role_31,Engineering,103392,85422.3345
EMP09067,36,Role_19,Sales,103383,85422.3345
EMP09225,52,Role_33,Operations,103382,85422.3345
EMP08592,49,Role_49,Operations,103361,85422.3345
EMP08251,60,Role_47,Finance,103356,85422.3345
EMP05232,40,Role_1,R&D,103350,85422.3345
EMP02876,58,Role_33,R&D,103317,85422.3345
EMP08948,43,Role_6,R&D,103310,85422.3345
EMP00296,38,Role_16,Legal,103297,85422.3345
EMP01412,59,Role_36,Finance,103226,85422.3345
EMP05488,43,Role_23,Finance,103225,85422.3345
EMP00404,44,Role_12,R&D,103224,85422.3345
EMP01500,36,Role_12,Finance,103207,85422.3345
EMP09027,59,Role_48,Finance,103184,85422.3345
EMP01514,50,Role_40,Finance,103164,85422.3345
EMP07414,24,Role_49,Legal,103148,85422.3345
EMP03330,50,Role_43,Marketing,103147,85422.3345
EMP04832,46,Role_12,Legal,103111,85422.3345
EMP05308,51,Role_45,Finance,103064,85422.3345
EMP01983,57,Role_44,Engineering,103031,85422.3345
EMP06704,35,Role_31,Marketing,102987,85422.3345
EMP00735,34,Role_39,Finance,102954,85422.3345
EMP08347,44,Role_32,R&D,102946,85422.3345
EMP00233,36,Role_27,R&D,102939,85422.3345
EMP07840,40,Role_14,Engineering,102907,85422.3345
EMP08080,34,Role_34,Legal,102892,85422.3345
EMP08021,29,Role_36,Finance,102892,85422.3345
EMP03553,22,Role_4,Sales,102884,85422.3345
EMP00080,51,Role_28,Legal,102867,85422.3345
EMP00813,53,Role_45,HR,102844,85422.3345
EMP06595,27,Role_19,Engineering,102843,85422.3345
EMP03799,46,Role_46,Sales,102841,85422.3345
EMP04195,50,Role_25,Legal,102828,85422.3345
EMP04556,39,Role_20,Finance,102812,85422.3345
EMP09286,49,Role_38,Engineering,102809,85422.3345
EMP08682,37,Role_46,R&D,102790,85422.3345
EMP03937,47,Role_40,Legal,102777,85422.3345
EMP01409,29,Role_23,Finance,102723,85422.3345
EMP01221,34,Role_33,Legal,102721,85422.3345
EMP02865,44,Role_29,R&D,102695,85422.3345
EMP02476,31,Role_42,Legal,102692,85422.3345
EMP06087,37,Role_13,Engineering,102674,85422.3345
EMP02990,43,Role_22,R&D,102663,85422.3345
EMP00104,47,Role_13,Legal,102591,85422.3345
EMP05126,47,Role_18,Operations,102567,85422.3345
EMP00096,22,Role_26,Finance,102561,85422.3345
EMP03217,39,Role_7,Engineering,102559,85422.3345
EMP06393,53,Role_22,Finance,102554,85422.3345
EMP07722,41,Role_1,Finance,102530,85422.3345
EMP04799,33,Role_35,Finance,102524,85422.3345
EMP01185,24,Role_25,R&D,102474,85422.3345
EMP07514,44,Role_36,Marketing,102457,85422.3345
EMP05935,39,Role_35,Engineering,102438,85422.3345
EMP07647,52,Role_13,Finance,102437,85422.3345
EMP08153,42,Role_37,Marketing,102417,85422.3345
EMP08415,32,Role_37,Engineering,102416,85422.3345
EMP01978,49,Role_27,R&D,102407,85422.3345
EMP03261,47,Role_22,Sales,102400,85422.3345
EMP01938,51,Role_20,HR,102326,85422.3345
EMP04881,25,Role_23,Engineering,102325,85422.3345
EMP03711,38,Role_2,Engineering,102319,85422.3345
EMP05839,53,Role_34,Legal,102308,85422.3345
EMP02364,40,Role_45,Legal,102278,85422.3345
EMP01713,46,Role_3,Sales,102277,85422.3345
EMP00417,65,Role_12,Legal,102239,85422.3345
EMP00325,40,Role_6,Legal,102223,85422.3345
EMP03699,52,Role_10,Sales,102222,85422.3345
EMP05519,41,Role_21,R&D,102197,85422.3345
EMP09547,49,Role_21,Engineering,102195,85422.3345
EMP09814,24,Role_48,Engineering,102186,85422.3345
EMP07425,43,Role_12,Finance,102182,85422.3345
EMP00217,45,Role_6,R&D,102175,85422.3345
EMP02095,26,Role_36,R&D,102171,85422.3345
EMP03390,47,Role_35,R&D,102162,85422.3345
EMP09854,43,Role_7,Engineering,102110,85422.3345
EMP02467,53,Role_40,Finance,102079,85422.3345
EMP01073,24,Role_31,R&D,102075,85422.3345
EMP04164,46,Role_42,Finance,102072,85422.3345
EMP06065,38,Role_25,Sales,102051,85422.3345
EMP00377,45,Role_18,Operations,102045,85422.3345
EMP00229,37,Role_6,R&D,102008,85422.3345
EMP07002,45,Role_8,R&D,101999,85422.3345
EMP02640,50,Role_25,Marketing,101992,85422.3345
EMP03856,34,Role_2,Legal,101984,85422.3345
EMP04182,40,Role_8,R&D,101970,85422.3345
EMP04208,31,Role_41,R&D,101960,85422.3345
EMP03133,36,Role_28,Engineering,101953,85422.3345
EMP01218,32,Role_46,Legal,101950,85422.3345
EMP01610,50,Role_26,Finance,101945,85422.3345
EMP06179,34,Role_43,Sales,101912,85422.3345
EMP01674,45,Role_13,Legal,101886,85422.3345
EMP04976,52,Role_40,HR,101884,85422.3345
EMP07493,33,Role_10,Legal,101866,85422.3345
EMP00305,59,Role_6,R&D,101841,85422.3345
EMP01317,39,Role_28,HR,101806,85422.3345
EMP02598,51,Role_37,Sales,101803,85422.3345
EMP04994,56,Role_5,Marketing,101793,85422.3345
EMP03494,48,Role_24,R&D,101776,85422.3345
EMP08640,47,Role_46,Finance,101762,85422.3345
EMP05946,37,Role_38,Sales,101752,85422.3345
EMP03534,51,Role_48,Finance,101741,85422.3345
EMP05181,39,Role_42,R&D,101677,85422.3345
EMP06399,36,Role_32,Engineering,101668,85422.3345
EMP05456,42,Role_27,R&D,101646,85422.3345
EMP05580,47,Role_33,Legal,101644,85422.3345
EMP00183,35,Role_27,Legal,101633,85422.3345
EMP02387,31,Role_42,Engineering,101632,85422.3345
EMP08382,34,Role_24,Operations,101625,85422.3345
EMP01722,40,Role_23,Finance,101623,85422.3345
EMP05584,51,Role_27,HR,101623,85422.3345
EMP07972,48,Role_37,R&D,101609,85422.3345
EMP04193,37,Role_13,HR,101600,85422.3345
EMP02492,37,Role_19,Legal,101599,85422.3345
EMP10000,34,Role_27,Legal,101594,85422.3345
EMP03318,29,Role_13,Engineering,101592,85422.3345
EMP07021,31,Role_26,Legal,101580,85422.3345
EMP02172,41,Role_25,Finance,101553,85422.3345
EMP04440,53,Role_30,R&D,101543,85422.3345
EMP00589,40,Role_27,Engineering,101522,85422.3345
EMP06324,28,Role_2,Legal,101503,85422.3345
EMP08872,43,Role_43,R&D,101488,85422.3345
EMP05746,22,Role_3,R&D,101463,85422.3345
EMP08174,29,Role_44,Legal,101448,85422.3345
EMP05068,37,Role_22,Marketing,101398,85422.3345
EMP03930,50,Role_36,R&D,101393,85422.3345
EMP06646,30,Role_3,Finance,101370,85422.3345
EMP05871,33,Role_6,Finance,101367,85422.3345
EMP05035,38,Role_16,Sales,101314,85422.3345
EMP00383,38,Role_39,R&D,101276,85422.3345
EMP02047,44,Role_8,R&D,101271,85422.3345
EMP07974,40,Role_22,Finance,101268,85422.3345
EMP02520,31,Role_34,Sales,101267,85422.3345
EMP04432,37,Role_12,R&D,101259,85422.3345
EMP09139,44,Role_44,Operations,101194,85422.3345
EMP08055,49,Role_15,Engineering,101180,85422.3345
EMP01462,27,Role_35,Engineering,101172,85422.3345
EMP03434,27,Role_24,Legal,101144,85422.3345
EMP06494,58,Role_43,Operations,101143,85422.3345
EMP06430,44,Role_15,Legal,101138,85422.3345
EMP02705,46,Role_22,Engineering,101100,85422.3345
EMP01570,52,Role_38,R&D,101083,85422.3345
EMP09257,43,Role_5,Marketing,101073,85422.3345
EMP03041,30,Role_26,Engineering,101045,85422.3345
EMP04089,46,Role_17,Operations,101025,85422.3345
EMP07366,39,Role_49,Marketing,101014,85422.3345
EMP05088,56,Role_5,R&D,100986,85422.3345
EMP09942,41,Role_42,R&D,100981,85422.3345
EMP06170,45,Role_14,Marketing,100973,85422.3345
EMP00747,55,Role_7,HR,100920,85422.3345
EMP09060,48,Role_10,Operations,100912,85422.3345
EMP05504,42,Role_30,Engineering,100910,85422.3345
EMP08173,36,Role_40,Sales,100907,85422.3345
EMP08513,53,Role_14,Sales,100905,85422.3345
EMP09586,28,Role_43,R&D,100879,85422.3345
EMP05744,44,Role_11,Finance,100876,85422.3345
EMP06618,46,Role_46,Operations,100844,85422.3345
EMP07745,37,Role_20,R&D,100837,85422.3345
EMP01699,52,Role_14,Sales,100836,85422.3345
EMP08740,39,Role_41,R&D,100824,85422.3345
EMP09568,45,Role_18,R&D,100801,85422.3345
EMP05815,31,Role_27,R&D,100797,85422.3345
EMP04368,44,Role_13,Sales,100792,85422.3345
EMP00180,45,Role_25,Finance,100787,85422.3345
EMP09279,57,Role_37,Sales,100756,85422.3345
EMP05023,46,Role_13,Legal,100744,85422.3345
EMP09664,36,Role_37,R&D,100719,85422.3345
EMP02443,54,Role_2,Engineering,100717,85422.3345
EMP08620,37,Role_19,Finance,100701,85422.3345
EMP04253,45,Role_42,Legal,100678,85422.3345
EMP08209,35,Role_33,Operations,100674,85422.3345
EMP05494,57,Role_47,Sales,100664,85422.3345
EMP06352,29,Role_43,Engineering,100644,85422.3345
EMP06966,43,Role_16,Sales,100610,85422.3345
EMP09332,28,Role_31,Finance,100605,85422.3345
EMP03289,47,Role_30,Marketing,100600,85422.3345
EMP00027,56,Role_17,Operations,100593,85422.3345
EMP09066,57,Role_36,Marketing,100574,85422.3345
EMP08318,35,Role_26,Finance,100562,85422.3345
EMP04428,34,Role_2,Engineering,100543,85422.3345
